animal_label,domain,kingdom,phylum,class,order,family,genu,species
Abert's squirrel,Eukaryota,Animalia,Chordata,Mammalia,Rodentia,Sciuridae,Sciurus,
American black bear,Eukaryota,Animalia,Chordata,Mammalia,Carnivora,Ursidae,Ursus,
American marten,Eukaryota,Animalia,Chordata,Mammalia,Carnivora,Mustelidae,Martes,
Amur leopard,Eukaryota,Animalia,Chordata,Mammalia,Carnivora,Felidae,Panthera,
Amur tiger,Eukaryota,Animalia,Chordata,Mammalia,Carnivora,Felidae,Panthera,
Bobcat,Eukaryota,Animalia,Chordata,Mammalia,Carnivora,Felidae,Lynx,
Bottlenose dolphin,Eukaryota,Animalia,Chordata,Mammalia,Artiodactyla,Delphinidae,Tursiops,
Coyote,Eukaryota,Animalia,Chordata,Mammalia,Carnivora,Canidae,Canis,
Fisher,Eukaryota,Animalia,Chordata,Mammalia,Carnivora,Mustelidae,Pekania,
Grey seal,Eukaryota,Animalia,Chordata,Mammalia,Carnivora,Phocidae,Halichoerus,
Grizzly bear,Eukaryota,Animalia,Chordata,Mammalia,Carnivora,Ursidae,Ursus,
Harbor seal,Eukaryota,Animalia,Chordata,Mammalia,Carnivora,Phocidae,Phoca,
Kodiak bear,Eukaryota,Animalia,Chordata,Mammalia,Carnivora,Ursidae,Ursus,
Mink,Eukaryota,Animalia,Chordata,Mammalia,Carnivora,Mustelidae,Mink,
Mountain lion,Eukaryota,Animalia,Chordata,Mammalia,Carnivora,Felidae,Puma,
North American river otter,Eukaryota,Animalia,Chordata,Mammalia,Carnivora,Mustelidae,Lontra,
Polar bear,Eukaryota,Animalia,Chordata,Mammalia,Carnivora,Ursidae,Ursus,
Raccoon,Eukarayota,Animalia,Chordata,Mammalia,Carnivora,Procyonidae,Procyon,
Red fox,Eukaryota,Animalia,Chordata,Mammalia,Carnivora,Canidae,Vulpes,
Skunk (unidentified),Eukaryota,Animalia,Chordata,Mammalia,Carnivora,Mephitidae, Skunk,
Striped skunk,Eukaryota,Animalia,Chordata,Mammalia,Carnivora,Mephitidae,Mephitis,
Virginia opossum,Eukaryota,Animalia,Chordata,Mammalia,Didelphimorphia,Didelphidae,Didelphis,
