GEOID,STUSPS,NAME,LSAD,ALAND,AWATER,GROUP
"28",MS,Mississippi,"00","121533519481","3926919758",MISSI
"37",NC,North Carolina,"00","125923656064","13466071395",ATLANTIC
"40",OK,Oklahoma,"00","177662925723","3374587997",CENTRAL
"51",VA,Virginia,"00","102257717110","8528531774",ATLANTIC
"54",WV,West Virginia,"00","62266474513","489028543",ATLANTIC
"22",LA,Louisiana,"00","111897594374","23753621895",MISSI
"26",MI,Michigan,"00","146600952990","103885855702",MISSI
"25",MA,Massachusetts,"00","20205125364","7129925486",ATLANTIC
"16",ID,Idaho,"00","214049787659","2391722557",PACIFIC
"12",FL,Florida,"00","138949136250","31361101223",ATLANTIC
"31",NE,Nebraska,"00","198956658395","1371829134",CENTRAL
"53",WA,Washington,"00","172112588220","12559278850",PACIFIC
"35",NM,New Mexico,"00","314196306401","728776523",CENTRAL
"72",PR,Puerto Rico,"00","8868896030","4922382562",ATLANTIC
"46",SD,South Dakota,"00","196346981786","3382720225",CENTRAL
"48",TX,Texas,"00","676653171537","19006305260",CENTRAL
"06",CA,California,"00","403503931312","20463871877",PACIFIC
"01",AL,Alabama,"00","131174048583","4593327154",MISSI
"13",GA,Georgia,"00","149482048342","4422936154",ATLANTIC
"42",PA,Pennsylvania,"00","115884442321","3394589990",ATLANTIC
"29",MO,Missouri,"00","178050802184","2489425460",MISSI
"08",CO,Colorado,"00","268422891711","1181621593",CENTRAL
"49",UT,Utah,"00","212886221680","6998824394",PACIFIC
"47",TN,Tennessee,"00","106802728188","2350123465",MISSI
"56",WY,Wyoming,"00","251458544898","1867670745",CENTRAL
"36",NY,New York,"00","122049149763","19246994695",ATLANTIC
"20",KS,Kansas,"00","211755344060","1344141205",CENTRAL
"02",AK,Alaska,"00","1478839695958","245481577452",PACIFIC
"32",NV,Nevada,"00","284329506470","2047206072",PACIFIC
"17",IL,Illinois,"00","143780567633","6214824948",MISSI
"50",VT,Vermont,"00","23874175944","1030416650",ATLANTIC
"30",MT,Montana,"00","376962738765","3869208832",PACIFIC
"19",IA,Iowa,"00","144661267977","1084180812",MISSI
"45",SC,South Carolina,"00","77864918488","5075218778",ATLANTIC
"33",NH,New Hampshire,"00","23189413166","1026675248",ATLANTIC
"04",AZ,Arizona,"00","294198551143","1027337603",PACIFIC
"11",DC,District of Columbia,"00","158340391","18687198",ATLANTIC
"60",AS,American Samoa,"00","197759063","1307243754",
"78",VI,United States Virgin Islands,"00","348021896","1550236201",
"34",NJ,New Jersey,"00","19047825980","3544860246",ATLANTIC
"24",MD,Maryland,"00","25151100280","6979966958",ATLANTIC
"23",ME,Maine,"00","79887426037","11746549764",ATLANTIC
"15",HI,Hawaii,"00","16633990195","11777809026",PACIFIC
"10",DE,Delaware,"00","5045925646","1399985648",ATLANTIC
"66",GU,Guam,"00","543555840","934337453",
"69",MP,Commonwealth of the Northern Mariana Islands,"00","472292529","4644252461",
"44",RI,Rhode Island,"00","2677779902","1323670487",ATLANTIC
"21",KY,Kentucky,"00","102279490672","2375337755",MISSI
"39",OH,Ohio,"00","105828882568","10268850702",MISSI
"55",WI,Wisconsin,"00","140290039723","29344951758",MISSI
"41",OR,Oregon,"00","248606993270","6192386935",PACIFIC
"38",ND,North Dakota,"00","178707534813","4403267548",CENTRAL
"05",AR,Arkansas,"00","134768872727","2962859592",MISSI
"18",IN,Indiana,"00","92789302676","1538002829",MISSI
"27",MN,Minnesota,"00","206228939448","18945217189",MISSI
"09",CT,Connecticut,"00","12542497068","1815617571",ATLANTIC
